[
  {
    "id": "host-sem",
    "name": "Hosting SEMUT",
    "type": "hosting",
    "price": 15000,
    "ram": "1GB",
    "cpu": "Custom CPU",
    "description": "Paket hosting Minecraft RAM 1GB dengan CPU custom."
  },
  {
    "id": "host-ikan",
    "name": "Hosting IKAN",
    "type": "hosting",
    "price": 25000,
    "ram": "2GB",
    "cpu": "Custom CPU",
    "description": "Paket hosting Minecraft RAM 2GB dengan CPU custom."
  },
  {
    "id": "domain-com",
    "name": "Domain .com",
    "type": "domain",
    "price": 100000,
    "description": "Domain .com dengan manajemen port manual."
  },
  {
    "id": "domain-myid",
    "name": "Domain .my.id",
    "type": "domain",
    "price": 50000,
    "description": "Domain .my.id dengan manajemen port manual."
  }
]